[
  {
    "name": "Aliva Priva Jardin",
    "price": "77,043,000",
    "detail": "Jakarta Garden City Street, Cakung. Pulo Gadung, Jakarta Timur, DKI Jakarta",
    "image": "./r1.png"
  },
  {
    "name": "Asatti Garden City",
    "price": "66,353,000",
    "detail": "Pahlawan Street XVII No.215, Cinangka, Sawangan, Depok, Jawa Barat",
    "image": "./r2.png"
  },
  {
    "name": "Citralan Puri Serang",
    "price": "55,505,853",
    "detail": "Ruko Puri Indah Residence Block A7, Lingkar Street, Ciracas, Serang, Banten",
    "image": "./r3.png"
  },
  {
    "name": "Aliva Priva Jardin",
    "price": "40,007,043",
    "detail": "Jakarta Garden City Street, Cakung. Pulo Gadung, Jakarta Timur, DKI Jakarta",
    "image": "./r1.png"
  },
  {
    "name": "Asatti Garden City",
    "price": "45,266,353",
    "detail": "Pahlawan Street XVII No.215, Cinangka, Sawangan, Depok, Jawa Barat",
    "image": "./r2.png"
  },
  {
    "name": "Citralan Puri Serang",
    "price": "39,295,853",
    "detail": "Ruko Puri Indah Residence Block A7, Lingkar Street, Ciracas, Serang, Banten",
    "image": "./r3.png"
  }
]